{"cameraMode":{"drawMode":0,"name":"Shaded","section":"Shading Mode"},"sceneLighting":false,"audioPlay":false,"sceneViewState":{"showFog":true,"showMaterialUpdate":true,"showSkybox":false,"showFlares":true,"showImageEffects":true,"showParticleSystems":true,"showVisualEffectGraphs":true,"m_FxEnabled":true},"in2DMode":false,"pivot":{"x":-0.0041796863079071049,"y":1.9100571870803834,"z":-0.014999866485595703},"rotation":{"x":-0.07193654775619507,"y":0.009269394911825657,"z":-0.0006563592469319701,"w":-0.9973861575126648},"size":2.8290841579437258,"orthographic":false}