{"cameraMode":{"drawMode":0,"name":"Shaded","section":"Shading Mode"},"sceneLighting":true,"audioPlay":false,"sceneViewState":{"showFog":true,"showMaterialUpdate":true,"showSkybox":true,"showFlares":true,"showImageEffects":true,"showParticleSystems":true,"showVisualEffectGraphs":true,"m_FxEnabled":true},"in2DMode":false,"pivot":{"x":-24.265913009643556,"y":15.442330360412598,"z":3.4068357944488527},"rotation":{"x":-0.007491429336369038,"y":0.04798026382923126,"z":0.0003627719124779105,"w":0.9988290667533875},"size":30.40928840637207,"orthographic":false}