{"cameraMode":{"drawMode":0,"name":"Shaded","section":"Shading Mode"},"sceneLighting":true,"audioPlay":false,"sceneViewState":{"showFog":true,"showMaterialUpdate":true,"showSkybox":true,"showFlares":true,"showImageEffects":true,"showParticleSystems":true,"showVisualEffectGraphs":true,"m_FxEnabled":true},"in2DMode":false,"pivot":{"x":4.4318928718566898,"y":-66.31380462646485,"z":212.54959106445313},"rotation":{"x":-0.1801815778017044,"y":-0.02150537073612213,"z":0.004089149180799723,"w":-0.9834835529327393},"size":139.46932983398438,"orthographic":false}